seq_id,mut_name,esm_score
seq1,F1K,-3.2310824
seq1,F1R,-2.8722897
seq1,F1H,-3.4361715
seq1,F1E,-3.6196818
seq1,F1D,-3.84054
seq1,F1N,-3.519937
seq1,F1Q,-3.4534159
seq1,F1T,-2.918005
seq1,F1S,-2.6614265
seq1,F1C,-2.7946281
seq1,F1G,-3.0575638
seq1,F1A,-3.1710477
seq1,F1V,-2.734847
seq1,F1L,-1.9164824
seq1,F1I,-2.940402
seq1,F1M,2.229233
seq1,F1P,-3.3376365
seq1,F1Y,-3.6445794
seq1,F1F,0.0
seq1,F1W,-3.8756523
seq1,I2K,-3.9012349
seq1,I2R,-3.336556
seq1,I2H,-3.3764486
seq1,I2E,-4.3520374
seq1,I2D,-4.31115
seq1,I2N,-3.9115083
seq1,I2Q,-3.495193
seq1,I2T,-3.2524958
seq1,I2S,-2.572707
seq1,I2C,-3.605859
seq1,I2G,-3.7563183
seq1,I2A,-3.625129
seq1,I2V,-3.541678
seq1,I2L,-2.614182
seq1,I2I,0.0
seq1,I2M,-4.938985
seq1,I2P,-3.209172
seq1,I2Y,-3.8775675
seq1,I2F,-3.2071152
seq1,I2W,-4.590966
seq1,S3K,-4.5610156
seq1,S3R,-4.1589737
seq1,S3H,-4.2639275
seq1,S3E,-5.0684133
seq1,S3D,-5.0006866
seq1,S3N,-4.4932475
seq1,S3Q,-4.40649
seq1,S3T,-4.119472
seq1,S3S,0.0
seq1,S3C,-4.4316387
seq1,S3G,-4.6054516
seq1,S3A,-4.4727583
seq1,S3V,-4.441496
seq1,S3L,-3.4225938
seq1,S3I,-4.1158514
seq1,S3M,-5.518088
seq1,S3P,-4.0745454
seq1,S3Y,-4.58852
seq1,S3F,-3.8445559
seq1,S3W,-5.2455993
seq1,H4K,-3.409315
seq1,H4R,-2.9186094
seq1,H4H,0.0
seq1,H4E,-3.8333273
seq1,H4D,-3.7960396
seq1,H4N,-3.4713707
seq1,H4Q,-3.4978209
seq1,H4T,-2.928361
seq1,H4S,-2.330808
seq1,H4C,-3.3556395
seq1,H4G,-3.3174787
seq1,H4A,-3.074736
seq1,H4V,-3.0217829
seq1,H4L,-2.3547492
seq1,H4I,-2.978564
seq1,H4M,-4.4620113
seq1,H4P,-2.9405024
seq1,H4Y,-3.6610713
seq1,H4F,-2.852121
seq1,H4W,-4.2601166
seq1,W5K,-2.3565183
seq1,W5R,-1.9850504
seq1,W5H,-2.129044
seq1,W5E,-2.7485998
seq1,W5D,-2.8920226
seq1,W5N,-2.2941675
seq1,W5Q,-2.190108
seq1,W5T,-2.0427842
seq1,W5S,-1.3218484
seq1,W5C,-2.2994444
seq1,W5G,-2.3843336
seq1,W5A,-2.2971852
seq1,W5V,-1.9999466
seq1,W5L,-1.2792501
seq1,W5I,-1.8282077
seq1,W5M,-3.497426
seq1,W5P,-2.0545638
seq1,W5Y,-2.527649
seq1,W5F,-1.4103029
seq1,W5W,0.0
seq1,I6K,-3.657012
seq1,I6R,-3.2413201
seq1,I6H,-3.6962018
seq1,I6E,-4.238686
seq1,I6D,-4.362125
seq1,I6N,-3.8145542
seq1,I6Q,-3.7301412
seq1,I6T,-3.4231
seq1,I6S,-2.9434662
seq1,I6C,-3.849433
seq1,I6G,-3.8859282
seq1,I6A,-3.7661977
seq1,I6V,-3.721983
seq1,I6L,-2.8826568
seq1,I6I,0.0
seq1,I6M,-4.707185
seq1,I6P,-3.6162877
seq1,I6Y,-4.18944
seq1,I6F,-3.5184758
seq1,I6W,-4.697869
seq1,S7K,-4.4920673
seq1,S7R,-4.003444
seq1,S7H,-4.225921
seq1,S7E,-5.0028844
seq1,S7D,-5.026818
seq1,S7N,-4.4130993
seq1,S7Q,-4.2940726
seq1,S7T,-4.05404
seq1,S7S,0.0
seq1,S7C,-4.392431
seq1,S7G,-4.579033
seq1,S7A,-4.43742
seq1,S7V,-4.448621
seq1,S7L,-3.338667
seq1,S7I,-4.1501627
seq1,S7M,-5.4253635
seq1,S7P,-3.9985356
seq1,S7Y,-4.5702186
seq1,S7F,-3.91356
seq1,S7W,-5.1099443
seq1,H8K,-3.7627282
seq1,H8R,-3.0560532
seq1,H8H,0.0
seq1,H8E,-4.042247
seq1,H8D,-3.8773932
seq1,H8N,-3.6562057
seq1,H8Q,-3.6681156
seq1,H8T,-3.0793383
seq1,H8S,-2.4543662
seq1,H8C,-3.4460785
seq1,H8G,-3.4424176
seq1,H8A,-3.2671943
seq1,H8V,-3.234027
seq1,H8L,-2.4901278
seq1,H8I,-3.1096833
seq1,H8M,-4.5670094
seq1,H8P,-3.1138368
seq1,H8Y,-3.725226
seq1,H8F,-3.0926614
seq1,H8W,-4.3293014
seq1,F9K,-3.6866207
seq1,F9R,-3.0161657
seq1,F9H,-3.255154
seq1,F9E,-4.108409
seq1,F9D,-4.2233014
seq1,F9N,-3.7796617
seq1,F9Q,-3.4592824
seq1,F9T,-3.0055368
seq1,F9S,-2.6324735
seq1,F9C,-3.4433181
seq1,F9G,-3.5249176
seq1,F9A,-3.4429913
seq1,F9V,-3.425741
seq1,F9L,-2.6099732
seq1,F9I,-3.2524276
seq1,F9M,-4.5217304
seq1,F9P,-3.2751012
seq1,F9Y,-4.019514
seq1,F9F,0.0
seq1,F9W,-4.3334575
seq1,Q10K,-3.6260061
seq1,Q10R,-2.9663467
seq1,Q10H,-3.1421053
seq1,Q10E,-4.0557804
seq1,Q10D,-4.0263653
seq1,Q10N,-3.5627494
seq1,Q10Q,0.0
seq1,Q10T,-2.9382715
seq1,Q10S,-2.379134
seq1,Q10C,-3.3415089
seq1,Q10G,-3.4802847
seq1,Q10A,-3.4348946
seq1,Q10V,-3.3164241
seq1,Q10L,-2.437889
seq1,Q10I,-2.7755618
seq1,Q10M,-4.4487724
seq1,Q10P,-3.020407
seq1,Q10Y,-3.5860877
seq1,Q10F,-3.0245628
seq1,Q10W,-4.2247944
seq1,R11K,-3.7656813
seq1,R11R,0.0
seq1,R11H,-3.4201066
seq1,R11E,-4.148612
seq1,R11D,-4.055313
seq1,R11N,-3.6510344
seq1,R11Q,-3.7710905
seq1,R11T,-3.2549844
seq1,R11S,-2.7996569
seq1,R11C,-3.8091345
seq1,R11G,-3.6889744
seq1,R11A,-3.5047698
seq1,R11V,-3.3834362
seq1,R11L,-2.8445556
seq1,R11I,-3.209921
seq1,R11M,-4.649417
seq1,R11P,-3.3910751
seq1,R11Y,-3.973703
seq1,R11F,-3.504251
seq1,R11W,-4.8635025
seq1,C12K,-3.0011187
seq1,C12R,-2.702845
seq1,C12H,-3.060166
seq1,C12E,-3.3829074
seq1,C12D,-3.545879
seq1,C12N,-3.04391
seq1,C12Q,-3.18223
seq1,C12T,-2.763195
seq1,C12S,-2.397766
seq1,C12C,0.0
seq1,C12G,-3.1278648
seq1,C12A,-3.1830864
seq1,C12V,-3.1179981
seq1,C12L,-2.3806105
seq1,C12I,-2.8904223
seq1,C12M,-4.063573
seq1,C12P,-3.0156136
seq1,C12Y,-3.581839
seq1,C12F,-3.0890446
seq1,C12W,-4.2112684
seq1,H13K,-3.28494
seq1,H13R,-2.619286
seq1,H13H,0.0
seq1,H13E,-3.8121202
seq1,H13D,-3.8851764
seq1,H13N,-3.4034898
seq1,H13Q,-3.3519325
seq1,H13T,-2.9834237
seq1,H13S,-2.2496645
seq1,H13C,-3.2035344
seq1,H13G,-3.1112187
seq1,H13A,-3.2828968
seq1,H13V,-3.2763224
seq1,H13L,-2.512078
seq1,H13I,-3.0141096
seq1,H13M,-4.3396206
seq1,H13P,-3.0847895
seq1,H13Y,-3.674928
seq1,H13F,-2.894399
seq1,H13W,-3.730725
seq1,I14K,-3.7567234
seq1,I14R,-2.994092
seq1,I14H,-3.2091875
seq1,I14E,-4.160941
seq1,I14D,-4.116763
seq1,I14N,-3.7749372
seq1,I14Q,-3.41917
seq1,I14T,-3.1272821
seq1,I14S,-2.5658846
seq1,I14C,-3.4284444
seq1,I14G,-3.656198
seq1,I14A,-3.3394241
seq1,I14V,-3.3331122
seq1,I14L,-2.5135818
seq1,I14I,0.0
seq1,I14M,-4.500493
seq1,I14P,-3.0059962
seq1,I14Y,-3.9676604
seq1,I14F,-3.1841073
seq1,I14W,-4.386327
seq1,P15K,-3.980984
seq1,P15R,-3.4344485
seq1,P15H,-3.541234
seq1,P15E,-4.3122015
seq1,P15D,-4.2569036
seq1,P15N,-3.8818204
seq1,P15Q,-3.800637
seq1,P15T,-3.32203
seq1,P15S,-2.7645776
seq1,P15C,-3.682616
seq1,P15G,-3.9046075
seq1,P15A,-3.599458
seq1,P15V,-3.5957992
seq1,P15L,-2.8742032
seq1,P15I,-3.3590467
seq1,P15M,-4.920534
seq1,P15P,0.0
seq1,P15Y,-3.9166095
seq1,P15F,-3.3818302
seq1,P15W,-4.8160963
seq1,S16K,-4.3586745
seq1,S16R,-3.841813
seq1,S16H,-3.8953896
seq1,S16E,-4.339458
seq1,S16D,-4.4832916
seq1,S16N,-4.377761
seq1,S16Q,-4.1165214
seq1,S16T,-3.8426752
seq1,S16S,0.0
seq1,S16C,-4.315582
seq1,S16G,-3.969348
seq1,S16A,-3.9047885
seq1,S16V,-3.817152
seq1,S16L,-3.3912835
seq1,S16I,-4.0306005
seq1,S16M,-5.1999006
seq1,S16P,-3.9099617
seq1,S16Y,-4.48648
seq1,S16F,-4.1569123
seq1,S16W,-5.066635
seq1,T17K,-3.8866897
seq1,T17R,-3.236186
seq1,T17H,-3.4815152
seq1,T17E,-4.1146207
seq1,T17D,-4.135167
seq1,T17N,-3.8800383
seq1,T17Q,-3.6991005
seq1,T17T,0.0
seq1,T17S,-2.678692
seq1,T17C,-3.5355752
seq1,T17G,-3.5246282
seq1,T17A,-3.4083185
seq1,T17V,-3.4410079
seq1,T17L,-2.615204
seq1,T17I,-3.4277077
seq1,T17M,-4.620862
seq1,T17P,-3.234758
seq1,T17Y,-4.050857
seq1,T17F,-3.3615189
seq1,T17W,-4.5607977
seq1,H18K,-2.8611171
seq1,H18R,-2.503916
seq1,H18H,0.0
seq1,H18E,-3.061071
seq1,H18D,-3.364318
seq1,H18N,-3.1499298
seq1,H18Q,-3.0570862
seq1,H18T,-2.0691488
seq1,H18S,-1.9281266
seq1,H18C,-3.2359977
seq1,H18G,-2.9492714
seq1,H18A,-2.1668975
seq1,H18V,-2.6550596
seq1,H18L,-2.2023478
seq1,H18I,-2.7783024
seq1,H18M,-3.5255947
seq1,H18P,-2.3282917
seq1,H18Y,-3.5764704
seq1,H18F,-3.0659366
seq1,H18W,-3.989119
seq1,A19K,-3.4607964
seq1,A19R,-2.9906244
seq1,A19H,-3.3518882
seq1,A19E,-3.9262705
seq1,A19D,-4.0457687
seq1,A19N,-3.586779
seq1,A19Q,-3.369351
seq1,A19T,-2.9800692
seq1,A19S,-2.4682298
seq1,A19C,-3.4535668
seq1,A19G,-3.4691496
seq1,A19A,0.0
seq1,A19V,-3.368596
seq1,A19L,-2.5784469
seq1,A19I,-3.1913967
seq1,A19M,-4.560809
seq1,A19P,-3.0900464
seq1,A19Y,-3.7560997
seq1,A19F,-3.0936685
seq1,A19W,-4.371992
seq1,T20K,-3.8553348
seq1,T20R,-3.329195
seq1,T20H,-3.5989645
seq1,T20E,-3.8197327
seq1,T20D,-4.128355
seq1,T20N,-4.1200333
seq1,T20Q,-3.766069
seq1,T20T,0.0
seq1,T20S,-3.0550258
seq1,T20C,-4.026214
seq1,T20G,-3.5950322
seq1,T20A,-3.1905005
seq1,T20V,-3.5213745
seq1,T20L,-3.095293
seq1,T20I,-3.7661433
seq1,T20M,-4.547076
seq1,T20P,-3.4863558
seq1,T20Y,-4.3449965
seq1,T20F,-4.015476
seq1,T20W,-4.9175863
seq1,A21K,-3.5583434
seq1,A21R,-3.0104825
seq1,A21H,-3.371943
seq1,A21E,-3.7981443
seq1,A21D,-4.0364246
seq1,A21N,-3.663413
seq1,A21Q,-3.4502237
seq1,A21T,-3.1314316
seq1,A21S,-2.697993
seq1,A21C,-3.5226731
seq1,A21G,-3.406797
seq1,A21A,0.0
seq1,A21V,-3.4269156
seq1,A21L,-2.7795908
seq1,A21I,-3.392525
seq1,A21M,-4.483596
seq1,A21P,-3.3092494
seq1,A21Y,-3.8687425
seq1,A21F,-3.5983453
seq1,A21W,-4.42787
seq1,R22K,-3.5618224
seq1,R22R,0.0
seq1,R22H,-3.8358724
seq1,R22E,-3.6663406
seq1,R22D,-4.046324
seq1,R22N,-3.8727596
seq1,R22Q,-3.657747
seq1,R22T,-3.1244903
seq1,R22S,-2.8750448
seq1,R22C,-4.0037518
seq1,R22G,-3.6327837
seq1,R22A,-3.2505631
seq1,R22V,-3.4509463
seq1,R22L,-2.940157
seq1,R22I,-3.6393154
seq1,R22M,-4.368517
seq1,R22P,-3.3841677
seq1,R22Y,-4.194867
seq1,R22F,-3.8778589
seq1,R22W,-4.743306
seq1,E23K,-2.818554
seq1,E23R,-2.1705146
seq1,E23H,-2.7266536
seq1,E23E,0.0
seq1,E23D,-3.3330698
seq1,E23N,-2.7666597
seq1,E23Q,-2.9385753
seq1,E23T,-2.3208375
seq1,E23S,-1.9193689
seq1,E23C,-2.6596565
seq1,E23G,-2.7511
seq1,E23A,-2.5477242
seq1,E23V,-2.7209153
seq1,E23L,-2.051178
seq1,E23I,-2.5096788
seq1,E23M,-3.7052875
seq1,E23P,-2.51271
seq1,E23Y,-3.1114807
seq1,E23F,-2.747579
seq1,E23W,-3.6417875
seq1,C24K,-2.730259
seq1,C24R,-2.323227
seq1,C24H,-3.0406919
seq1,C24E,-2.9217653
seq1,C24D,-3.3288982
seq1,C24N,-2.9109843
seq1,C24Q,-2.9541583
seq1,C24T,-2.4853938
seq1,C24S,-2.3237703
seq1,C24C,0.0
seq1,C24G,-2.728423
seq1,C24A,-2.6849213
seq1,C24V,-2.7905815
seq1,C24L,-2.3319323
seq1,C24I,-2.7242303
seq1,C24M,-3.6674745
seq1,C24P,-2.7531435
seq1,C24Y,-3.458954
seq1,C24F,-3.2297084
seq1,C24W,-3.9933245
seq1,R25K,-3.816425
seq1,R25R,0.0
seq1,R25H,-3.551796
seq1,R25E,-4.0856495
seq1,R25D,-4.2305593
seq1,R25N,-3.8125098
seq1,R25Q,-3.7155907
seq1,R25T,-3.5401711
seq1,R25S,-2.911682
seq1,R25C,-3.8575013
seq1,R25G,-3.6321003
seq1,R25A,-3.7403257
seq1,R25V,-3.6689646
seq1,R25L,-2.9893723
seq1,R25I,-3.5452628
seq1,R25M,-4.811086
seq1,R25P,-3.6287997
seq1,R25Y,-4.0492067
seq1,R25F,-3.5835488
seq1,R25W,-4.6498504
seq1,I26K,-3.576777
seq1,I26R,-2.9470706
seq1,I26H,-3.5964508
seq1,I26E,-3.8814945
seq1,I26D,-3.9895153
seq1,I26N,-3.7266498
seq1,I26Q,-3.6399546
seq1,I26T,-3.0988035
seq1,I26S,-2.6520267
seq1,I26C,-3.5091133
seq1,I26G,-3.3561838
seq1,I26A,-3.1909251
seq1,I26V,-3.291223
seq1,I26L,-2.8050354
seq1,I26I,0.0
seq1,I26M,-4.520131
seq1,I26P,-3.226194
seq1,I26Y,-4.0440984
seq1,I26F,-3.5169983
seq1,I26W,-4.4172354
seq1,S27K,-4.2987504
seq1,S27R,-3.935089
seq1,S27H,-4.187456
seq1,S27E,-4.7394905
seq1,S27D,-4.859728
seq1,S27N,-4.3362646
seq1,S27Q,-4.154844
seq1,S27T,-3.8802233
seq1,S27S,0.0
seq1,S27C,-4.33413
seq1,S27G,-4.451872
seq1,S27A,-4.197941
seq1,S27V,-4.1755834
seq1,S27L,-3.2884965
seq1,S27I,-3.956809
seq1,S27M,-5.1914916
seq1,S27P,-3.8575
seq1,S27Y,-4.522811
seq1,S27F,-3.983314
seq1,S27W,-5.171251
seq1,P28K,-3.6704948
seq1,P28R,-3.0615907
seq1,P28H,-3.45169
seq1,P28E,-3.907367
seq1,P28D,-4.0386596
seq1,P28N,-3.8050911
seq1,P28Q,-3.621659
seq1,P28T,-3.2233038
seq1,P28S,-2.7624013
seq1,P28C,-3.7389781
seq1,P28G,-3.464867
seq1,P28A,-3.412239
seq1,P28V,-3.3821378
seq1,P28L,-2.781154
seq1,P28I,-3.3899417
seq1,P28M,-4.496533
seq1,P28P,0.0
seq1,P28Y,-3.9686244
seq1,P28F,-3.425142
seq1,P28W,-4.558667
seq2,R1K,-3.3200808
seq2,R1R,0.0
seq2,R1H,-4.013759
seq2,R1E,-2.9031143
seq2,R1D,-3.3684907
seq2,R1N,-3.5996628
seq2,R1Q,-3.5986476
seq2,R1T,-3.1691666
seq2,R1S,-2.9913692
seq2,R1C,-4.076566
seq2,R1G,-2.7228975
seq2,R1A,-2.6455507
seq2,R1V,-2.8544774
seq2,R1L,-2.6010628
seq2,R1I,-3.1866117
seq2,R1M,1.2812567
seq2,R1P,-3.399435
seq2,R1Y,-4.078793
seq2,R1F,-3.7469902
seq2,R1W,-4.7151027
seq2,A2K,-3.6486514
seq2,A2R,-3.3188384
seq2,A2H,-4.2316494
seq2,A2E,-3.7041934
seq2,A2D,-3.886769
seq2,A2N,-3.7918766
seq2,A2Q,-4.020941
seq2,A2T,-3.5954103
seq2,A2S,-3.3058891
seq2,A2C,-4.291903
seq2,A2G,-3.336001
seq2,A2A,0.0
seq2,A2V,-3.606824
seq2,A2L,-3.342312
seq2,A2I,-3.6750314
seq2,A2M,-4.76462
seq2,A2P,-3.8356326
seq2,A2Y,-4.3184824
seq2,A2F,-4.0556474
seq2,A2W,-4.923208
seq2,G3K,-3.6837275
seq2,G3R,-3.3726559
seq2,G3H,-4.362479
seq2,G3E,-3.60506
seq2,G3D,-3.8586223
seq2,G3N,-4.0108256
seq2,G3Q,-4.022662
seq2,G3T,-3.571127
seq2,G3S,-3.3218384
seq2,G3C,-4.478232
seq2,G3G,0.0
seq2,G3A,-3.1303215
seq2,G3V,-3.3699708
seq2,G3L,-3.1378713
seq2,G3I,-3.4760175
seq2,G3M,-4.4945955
seq2,G3P,-3.9134362
seq2,G3Y,-4.4187903
seq2,G3F,-4.009425
seq2,G3W,-4.8864355
seq2,E4K,-3.292653
seq2,E4R,-2.8918445
seq2,E4H,-3.785357
seq2,E4E,0.0
seq2,E4D,-3.5385838
seq2,E4N,-3.4816184
seq2,E4Q,-3.5510683
seq2,E4T,-3.0962691
seq2,E4S,-2.8843377
seq2,E4C,-3.8806891
seq2,E4G,-2.8230557
seq2,E4A,-2.65236
seq2,E4V,-2.857971
seq2,E4L,-2.5601406
seq2,E4I,-2.8923113
seq2,E4M,-3.9270868
seq2,E4P,-3.3707678
seq2,E4Y,-3.8695388
seq2,E4F,-3.3604481
seq2,E4W,-4.0702724
seq2,A5K,-3.5941255
seq2,A5R,-3.3729076
seq2,A5H,-4.2531176
seq2,A5E,-3.6225877
seq2,A5D,-3.773491
seq2,A5N,-3.6837516
seq2,A5Q,-4.033613
seq2,A5T,-3.5037966
seq2,A5S,-3.3381147
seq2,A5C,-4.348986
seq2,A5G,-3.2779813
seq2,A5A,0.0
seq2,A5V,-3.5032992
seq2,A5L,-3.3386059
seq2,A5I,-3.5086143
seq2,A5M,-4.5766716
seq2,A5P,-3.9106913
seq2,A5Y,-4.2431345
seq2,A5F,-4.042349
seq2,A5W,-4.869335
seq2,G6K,-3.5373604
seq2,G6R,-3.4379482
seq2,G6H,-4.1795216
seq2,G6E,-3.485235
seq2,G6D,-3.723857
seq2,G6N,-3.8458147
seq2,G6Q,-3.8792233
seq2,G6T,-3.338883
seq2,G6S,-3.2011783
seq2,G6C,-4.4153585
seq2,G6G,0.0
seq2,G6A,-2.9003966
seq2,G6V,-3.1600935
seq2,G6L,-3.0249405
seq2,G6I,-3.3219163
seq2,G6M,-4.215498
seq2,G6P,-3.6674695
seq2,G6Y,-4.219329
seq2,G6F,-3.8518372
seq2,G6W,-4.864748
seq2,A7K,-3.33943
seq2,A7R,-3.2218735
seq2,A7H,-4.0507
seq2,A7E,-3.3913856
seq2,A7D,-3.6612968
seq2,A7N,-3.6210108
seq2,A7Q,-3.8025012
seq2,A7T,-3.5079224
seq2,A7S,-3.2287836
seq2,A7C,-4.157822
seq2,A7G,-3.246012
seq2,A7A,0.0
seq2,A7V,-3.4521594
seq2,A7L,-3.2351902
seq2,A7I,-3.502075
seq2,A7M,-4.47
seq2,A7P,-3.978156
seq2,A7Y,-4.039653
seq2,A7F,-3.8811731
seq2,A7W,-4.635833
seq2,I8K,-3.4160216
seq2,I8R,-3.05298
seq2,I8H,-3.8662913
seq2,I8E,-3.2208614
seq2,I8D,-3.4099426
seq2,I8N,-3.6598628
seq2,I8Q,-3.6351783
seq2,I8T,-3.1618145
seq2,I8S,-2.9003797
seq2,I8C,-3.9470022
seq2,I8G,-2.6650205
seq2,I8A,-2.7599478
seq2,I8V,-3.0156999
seq2,I8L,-2.9430122
seq2,I8I,0.0
seq2,I8M,-4.2056093
seq2,I8P,-3.5151885
seq2,I8Y,-4.0835505
seq2,I8F,-3.7681925
seq2,I8W,-4.2860622
seq2,N9K,-3.169444
seq2,N9R,-2.5984044
seq2,N9H,-3.4134953
seq2,N9E,-2.977755
seq2,N9D,-3.0240006
seq2,N9N,0.0
seq2,N9Q,-3.2791245
seq2,N9T,-2.7813246
seq2,N9S,-2.4437783
seq2,N9C,-3.4045613
seq2,N9G,-2.5326152
seq2,N9A,-2.327436
seq2,N9V,-2.5685983
seq2,N9L,-2.2477536
seq2,N9I,-2.6889555
seq2,N9M,-3.8311565
seq2,N9P,-2.8826387
seq2,N9Y,-3.4828475
seq2,N9F,-3.0340128
seq2,N9W,-3.9515426
seq2,S10K,-3.7169173
seq2,S10R,-3.406726
seq2,S10H,-4.1959095
seq2,S10E,-3.5634973
seq2,S10D,-3.7936418
seq2,S10N,-3.8638618
seq2,S10Q,-3.9215539
seq2,S10T,-3.4721513
seq2,S10S,0.0
seq2,S10C,-4.4013042
seq2,S10G,-3.2103565
seq2,S10A,-3.1980884
seq2,S10V,-3.366776
seq2,S10L,-3.242316
seq2,S10I,-3.431527
seq2,S10M,-4.5258284
seq2,S10P,-3.5773454
seq2,S10Y,-4.392746
seq2,S10F,-4.0808015
seq2,S10W,-4.988776
seq2,T11K,-3.6151304
seq2,T11R,-3.3126917
seq2,T11H,-3.9558592
seq2,T11E,-3.5890322
seq2,T11D,-3.7890959
seq2,T11N,-3.8055253
seq2,T11Q,-3.8108206
seq2,T11T,0.0
seq2,T11S,-3.108724
seq2,T11C,-4.1901793
seq2,T11G,-3.2516685
seq2,T11A,-3.0514872
seq2,T11V,-3.273607
seq2,T11L,-2.889253
seq2,T11I,-3.30106
seq2,T11M,-4.338397
seq2,T11P,-3.6629877
seq2,T11Y,-4.14301
seq2,T11F,-3.7120137
seq2,T11W,-4.731377
seq2,T12K,-3.6072094
seq2,T12R,-3.2459233
seq2,T12H,-3.9451687
seq2,T12E,-3.5644314
seq2,T12D,-3.6817133
seq2,T12N,-3.7729313
seq2,T12Q,-3.81864
seq2,T12T,0.0
seq2,T12S,-3.1537993
seq2,T12C,-3.9242666
seq2,T12G,-3.1972053
seq2,T12A,-3.0051122
seq2,T12V,-3.1891785
seq2,T12L,-2.716631
seq2,T12I,-3.2062523
seq2,T12M,-4.216594
seq2,T12P,-3.6251404
seq2,T12Y,-4.0505915
seq2,T12F,-3.6848385
seq2,T12W,-4.5841646
seq2,H13K,-2.5090475
seq2,H13R,-2.2783227
seq2,H13H,0.0
seq2,H13E,-2.4410183
seq2,H13D,-2.7087717
seq2,H13N,-2.847842
seq2,H13Q,-2.9032397
seq2,H13T,-2.4244711
seq2,H13S,-2.2604654
seq2,H13C,-3.4694545
seq2,H13G,-2.0686839
seq2,H13A,-2.1394928
seq2,H13V,-2.4288747
seq2,H13L,-2.1437645
seq2,H13I,-2.604628
seq2,H13M,-3.3687537
seq2,H13P,-2.6417952
seq2,H13Y,-3.306865
seq2,H13F,-3.023588
seq2,H13W,-3.8147385
seq2,E14K,-3.1969967
seq2,E14R,-2.8894842
seq2,E14H,-3.5899923
seq2,E14E,0.0
seq2,E14D,-3.5602896
seq2,E14N,-3.3544176
seq2,E14Q,-3.3424497
seq2,E14T,-2.9703307
seq2,E14S,-2.760369
seq2,E14C,-3.7369468
seq2,E14G,-3.0591176
seq2,E14A,-2.8775923
seq2,E14V,-3.1665263
seq2,E14L,-2.6670053
seq2,E14I,-3.1150367
seq2,E14M,-4.0792413
seq2,E14P,-3.2704434
seq2,E14Y,-3.7195084
seq2,E14F,-3.3919296
seq2,E14W,-4.3186083
seq2,M15K,-2.3487601
seq2,M15R,-2.2154553
seq2,M15H,-2.894662
seq2,M15E,-2.2634897
seq2,M15D,-2.6706104
seq2,M15N,-2.5570405
seq2,M15Q,-2.678825
seq2,M15T,-2.22341
seq2,M15S,-2.2135992
seq2,M15C,-3.22462
seq2,M15G,-2.2667663
seq2,M15A,-1.9874222
seq2,M15V,-2.21451
seq2,M15L,-1.9188805
seq2,M15I,-2.2645283
seq2,M15M,0.0
seq2,M15P,-2.663836
seq2,M15Y,-2.999596
seq2,M15F,-2.8932855
seq2,M15W,-3.8487499
seq2,A16K,-3.4920762
seq2,A16R,-3.3705313
seq2,A16H,-3.955096
seq2,A16E,-3.7059734
seq2,A16D,-3.9135811
seq2,A16N,-3.6652071
seq2,A16Q,-3.7734282
seq2,A16T,-3.4252377
seq2,A16S,-3.3601227
seq2,A16C,-4.326439
seq2,A16G,-3.5629478
seq2,A16A,0.0
seq2,A16V,-3.3599396
seq2,A16L,-2.948699
seq2,A16I,-3.2685225
seq2,A16M,-4.4028826
seq2,A16P,-3.8043392
seq2,A16Y,-4.099292
seq2,A16F,-3.831824
seq2,A16W,-4.9244423
seq2,C17K,-2.0107865
seq2,C17R,-1.8419877
seq2,C17H,-2.8216176
seq2,C17E,-2.074242
seq2,C17D,-2.3941956
seq2,C17N,-2.4324389
seq2,C17Q,-2.4369297
seq2,C17T,-2.2439876
seq2,C17S,-2.0425987
seq2,C17C,0.0
seq2,C17G,-2.1764102
seq2,C17A,-1.9329525
seq2,C17V,-2.2424312
seq2,C17L,-1.9635254
seq2,C17I,-2.3337665
seq2,C17M,-3.1334639
seq2,C17P,-2.6491427
seq2,C17Y,-3.1414695
seq2,C17F,-2.8393154
seq2,C17W,-3.7276034
seq2,H18K,-2.537118
seq2,H18R,-2.3290076
seq2,H18H,0.0
seq2,H18E,-2.5768876
seq2,H18D,-2.9720497
seq2,H18N,-3.0046315
seq2,H18Q,-2.9136992
seq2,H18T,-2.6661906
seq2,H18S,-2.3461695
seq2,H18C,-3.4403267
seq2,H18G,-2.4974046
seq2,H18A,-2.1925716
seq2,H18V,-2.442953
seq2,H18L,-2.0166597
seq2,H18I,-2.5927954
seq2,H18M,-3.5187974
seq2,H18P,-3.0764818
seq2,H18Y,-3.2565951
seq2,H18F,-2.8055596
seq2,H18W,-3.7131047
seq2,I19K,-3.4726853
seq2,I19R,-3.0737941
seq2,I19H,-3.9742239
seq2,I19E,-3.3169942
seq2,I19D,-3.6908987
seq2,I19N,-3.7307355
seq2,I19Q,-3.6382678
seq2,I19T,-3.3879104
seq2,I19S,-3.1054833
seq2,I19C,-3.8586886
seq2,I19G,-2.9309282
seq2,I19A,-3.1510694
seq2,I19V,-3.2643075
seq2,I19L,-2.85032
seq2,I19I,0.0
seq2,I19M,-4.278714
seq2,I19P,-3.6268594
seq2,I19Y,-4.0700912
seq2,I19F,-3.7592075
seq2,I19W,-4.4738626
seq2,N20K,-3.0891256
seq2,N20R,-2.7750819
seq2,N20H,-3.521271
seq2,N20E,-3.0212312
seq2,N20D,-3.2348926
seq2,N20N,0.0
seq2,N20Q,-3.26202
seq2,N20T,-2.9459133
seq2,N20S,-2.6844816
seq2,N20C,-3.6190455
seq2,N20G,-2.7125826
seq2,N20A,-2.6326962
seq2,N20V,-2.8549628
seq2,N20L,-2.4838576
seq2,N20I,-3.0024137
seq2,N20M,-3.8756263
seq2,N20P,-3.113665
seq2,N20Y,-3.6886208
seq2,N20F,-3.3626082
seq2,N20W,-4.194602
seq2,E21K,-3.0972552
seq2,E21R,-2.753176
seq2,E21H,-3.5738811
seq2,E21E,0.0
seq2,E21D,-3.4784951
seq2,E21N,-3.254003
seq2,E21Q,-3.3165936
seq2,E21T,-3.021825
seq2,E21S,-2.7458506
seq2,E21C,-3.7798972
seq2,E21G,-2.8638291
seq2,E21A,-2.9230566
seq2,E21V,-3.1225567
seq2,E21L,-2.7197669
seq2,E21I,-3.0663407
seq2,E21M,-4.1295958
seq2,E21P,-3.0731666
seq2,E21Y,-3.8148513
seq2,E21F,-3.524713
seq2,E21W,-4.399565
