variant,score,pos
M1K,-9.94,1
M1R,-10.197,1
M1H,-13.138,1
M1E,-9.943,1
M1D,-12.364,1
M1N,-11.824,1
M1Q,-9.732,1
M1T,-8.745,1
M1S,-9.041,1
M1C,-11.798,1
M1G,-11.654,1
M1A,-10.396,1
M1V,-9.242,1
M1L,-9.768,1
M1I,-10.668,1
M1M,0.0,1
M1P,-11.129,1
M1Y,-13.689,1
M1F,-11.446,1
M1W,-12.726,1
A2K,-9.911,2
A2R,-10.029,2
A2H,-11.921,2
A2E,-8.449,2
A2D,-7.773,2
A2N,-9.89,2
A2Q,-12.11,2
A2T,-6.581,2
A2S,-6.999,2
A2C,-11.689,2
A2G,-8.021,2
A2A,0.0,2
A2V,-7.355,2
A2L,-9.229,2
A2I,-8.789,2
A2M,-7.526,2
A2P,-9.585,2
A2Y,-12.467,2
A2F,-9.64,2
A2W,-12.962,2
W3K,-9.307,3
W3R,-7.381,3
W3H,-9.55,3
W3E,-10.024,3
W3D,-12.218,3
W3N,-11.401,3
W3Q,-7.806,3
W3T,-9.507,3
W3S,-7.699,3
W3C,-8.419,3
W3G,-8.999,3
W3A,-9.753,3
W3V,-9.664,3
W3L,-6.959,3
W3I,-10.095,3
W3M,-7.726,3
W3P,-8.482,3
W3Y,-10.374,3
W3F,-8.339,3
W3W,0.0,3
T4K,-7.06,4
T4R,-5.459,4
T4H,-8.202,4
T4E,-7.604,4
T4D,-8.568,4
T4N,-7.16,4
T4Q,-7.867,4
T4T,0.0,4
T4S,-2.807,4
T4C,-7.607,4
T4G,-6.317,4
T4A,-3.078,4
T4V,-5.655,4
T4L,-5.754,4
T4I,-5.069,4
T4M,-7.266,4
T4P,-5.974,4
T4Y,-8.444,4
T4F,-6.219,4
T4W,-9.138,4
P5K,-11.216,5
P5R,-8.898,5
P5H,-8.387,5
P5E,-10.921,5
P5D,-11.279,5
P5N,-11.467,5
P5Q,-8.61,5
P5T,-7.528,5
P5S,-6.034,5
P5C,-8.609,5
P5G,-9.451,5
P5A,-7.231,5
P5V,-8.959,5
P5L,-6.781,5
P5I,-10.214,5
P5M,-10.773,5
P5P,0.0,5
P5Y,-9.806,5
P5F,-8.873,5
P5W,-9.417,5
L6K,-8.121,6
L6R,-6.026,6
L6H,-5.332,6
L6E,-7.294,6
L6D,-8.577,6
L6N,-9.035,6
L6Q,-3.76,6
L6T,-5.884,6
L6S,-6.192,6
L6C,-6.991,6
L6G,-6.961,6
L6A,-6.696,6
L6V,-5.968,6
L6L,0.0,6
L6I,-5.377,6
L6M,-7.805,6
L6P,-4.068,6
L6Y,-7.383,6
L6F,-6.105,6
L6W,-6.981,6
L7K,-10.084,7
L7R,-5.272,7
L7H,-4.112,7
L7E,-10.293,7
L7D,-9.937,7
L7N,-9.017,7
L7Q,-4.828,7
L7T,-7.391,7
L7S,-5.825,7
L7C,-3.936,7
L7G,-7.762,7
L7A,-7.258,7
L7V,-4.773,7
L7L,0.0,7
L7I,-5.955,7
L7M,-8.588,7
L7P,-4.54,7
L7Y,-4.882,7
L7F,-3.762,7
L7W,-7.22,7
F8K,-10.791,8
F8R,-7.802,8
F8H,-7.821,8
F8E,-11.355,8
F8D,-12.398,8
F8N,-12.069,8
F8Q,-7.509,8
F8T,-7.914,8
F8S,-6.116,8
F8C,-7.672,8
F8G,-8.751,8
F8A,-7.473,8
F8V,-4.16,8
F8L,0.55,8
F8I,-5.44,8
F8M,-6.048,8
F8P,-5.208,8
F8Y,-9.911,8
F8F,0.0,8
F8W,-7.662,8
L9K,-10.832,9
L9R,-10.204,9
L9H,-10.983,9
L9E,-11.634,9
L9D,-12.864,9
L9N,-10.804,9
L9Q,-10.203,9
L9T,-8.589,9
L9S,-7.722,9
L9C,-10.152,9
L9G,-10.222,9
L9A,-8.99,9
L9V,-5.693,9
L9L,0.0,9
L9I,-7.954,9
L9M,-7.82,9
L9P,-9.057,9
L9Y,-11.413,9
L9F,-5.568,9
L9W,-9.118,9
T10K,-9.789,10
T10R,-7.498,10
T10H,-10.512,10
T10E,-9.699,10
T10D,-9.42,10
T10N,-8.863,10
T10Q,-10.368,10
T10T,0.0,10
T10S,-3.612,10
T10C,-7.348,10
T10G,-5.51,10
T10A,-3.977,10
T10V,-3.496,10
T10L,-5.161,10
T10I,-5.051,10
T10M,-6.403,10
T10P,-6.399,10
T10Y,-10.363,10
T10F,-5.434,10
T10W,-9.463,10
L11K,-13.073,11
L11R,-10.953,11
L11H,-10.953,11
L11E,-12.799,11
L11D,-13.207,11
L11N,-13.097,11
L11Q,-10.661,11
L11T,-9.74,11
L11S,-8.177,11
L11C,-9.918,11
L11G,-11.984,11
L11A,-9.811,11
L11V,-7.379,11
L11L,0.0,11
L11I,-8.169,11
L11M,-9.417,11
L11P,-9.487,11
L11Y,-11.541,11
L11F,-4.746,11
L11W,-10.883,11
L12K,-12.597,12
L12R,-9.323,12
L12H,-9.867,12
L12E,-11.527,12
L12D,-10.562,12
L12N,-11.943,12
L12Q,-10.888,12
L12T,-8.468,12
L12S,-8.202,12
L12C,-9.026,12
L12G,-8.598,12
L12A,-9.285,12
L12V,-6.924,12
L12L,0.0,12
L12I,-6.265,12
L12M,-7.203,12
L12P,-10.462,12
L12Y,-11.427,12
L12F,-6.817,12
L12W,-8.876,12
L13K,-7.596,13
L13R,-6.365,13
L13H,-6.907,13
L13E,-7.447,13
L13D,-5.794,13
L13N,-5.518,13
L13Q,-8.543,13
L13T,0.024,13
L13S,1.108,13
L13C,-4.376,13
L13G,-5.552,13
L13A,0.859,13
L13V,-3.889,13
L13L,0.0,13
L13I,-3.298,13
L13M,-5.542,13
L13P,-4.802,13
L13Y,-5.456,13
L13F,-3.435,13
L13W,-7.64,13
H14K,-11.116,14
H14R,-8.359,14
H14H,0.0,14
H14E,-11.083,14
H14D,-8.845,14
H14N,-8.637,14
H14Q,-8.054,14
H14T,-10.505,14
H14S,-8.342,14
H14C,-7.393,14
H14G,-10.467,14
H14A,-10.29,14
H14V,-10.89,14
H14L,-7.453,14
H14I,-10.51,14
H14M,-11.966,14
H14P,-10.119,14
H14Y,-4.441,14
H14F,-7.77,14
H14W,-11.044,14
C15K,-11.322,15
C15R,-5.773,15
C15H,-6.766,15
C15E,-10.279,15
C15D,-10.474,15
C15N,-10.737,15
C15Q,-7.86,15
C15T,-9.784,15
C15S,-5.787,15
C15C,0.0,15
C15G,-5.55,15
C15A,-9.381,15
C15V,-7.737,15
C15L,-5.634,15
C15I,-8.718,15
C15M,-10.995,15
C15P,-8.079,15
C15Y,-6.613,15
C15F,-5.718,15
C15W,-4.806,15
T16K,-9.002,16
T16R,-9.246,16
T16H,-10.976,16
T16E,-10.691,16
T16D,-10.822,16
T16N,-10.308,16
T16Q,-10.809,16
T16T,0.0,16
T16S,-5.795,16
T16C,-10.96,16
T16G,-9.948,16
T16A,-6.375,16
T16V,-9.996,16
T16L,-9.543,16
T16I,-8.625,16
T16M,-8.812,16
T16P,-6.96,16
T16Y,-11.392,16
T16F,-10.719,16
T16W,-12.022,16
G17K,-11.697,17
G17R,-6.939,17
G17H,-11.971,17
G17E,-7.491,17
G17D,-8.432,17
G17N,-12.557,17
G17Q,-11.469,17
G17T,-10.289,17
G17S,-7.383,17
G17C,-7.972,17
G17G,0.0,17
G17A,-8.523,17
G17V,-7.336,17
G17L,-10.318,17
G17I,-11.415,17
G17M,-12.138,17
G17P,-11.908,17
G17Y,-12.557,17
G17F,-10.903,17
G17W,-5.863,17
S18K,-13.244,18
S18R,-12.439,18
S18H,-14.491,18
S18E,-13.918,18
S18D,-12.536,18
S18N,-13.012,18
S18Q,-14.986,18
S18T,-7.522,18
S18S,0.0,18
S18C,-10.164,18
S18G,-10.455,18
S18A,-6.025,18
S18V,-8.051,18
S18L,-9.267,18
S18I,-10.406,18
S18M,-12.426,18
S18P,-9.698,18
S18Y,-12.173,18
S18F,-9.576,18
S18W,-13.405,18
L19K,-7.652,19
L19R,-6.127,19
L19H,-7.205,19
L19E,-8.045,19
L19D,-7.057,19
L19N,-6.802,19
L19Q,-7.182,19
L19T,-4.587,19
L19S,-4.648,19
L19C,-8.123,19
L19G,-7.634,19
L19A,-6.144,19
L19V,-5.244,19
L19L,0.0,19
L19I,-5.05,19
L19M,-5.244,19
L19P,-8.015,19
L19Y,-8.178,19
L19F,-5.769,19
L19W,-4.946,19
S20K,-13.837,20
S20R,-12.403,20
S20H,-13.734,20
S20E,-13.337,20
S20D,-12.24,20
S20N,-12.333,20
S20Q,-13.826,20
S20T,-9.682,20
S20S,0.0,20
S20C,-5.327,20
S20G,-8.112,20
S20A,-6.553,20
S20V,-10.704,20
S20L,-11.498,20
S20I,-13.866,20
S20M,-14.921,20
S20P,-8.725,20
S20Y,-11.755,20
S20F,-10.211,20
S20W,-12.373,20
Q21K,-8.163,21
Q21R,-8.382,21
Q21H,-7.016,21
Q21E,-7.039,21
Q21D,-7.481,21
Q21N,-9.371,21
Q21Q,0.0,21
Q21T,-8.935,21
Q21S,-8.333,21
Q21C,-12.803,21
Q21G,-8.773,21
Q21A,-6.788,21
Q21V,-9.424,21
Q21L,-9.425,21
Q21I,-11.309,21
Q21M,-11.115,21
Q21P,-10.153,21
Q21Y,-9.037,21
Q21F,-12.318,21
Q21W,-11.136,21
L22K,-5.798,22
L22R,-5.298,22
L22H,-3.69,22
L22E,-5.643,22
L22D,-4.843,22
L22N,-4.604,22
L22Q,-5.323,22
L22T,-1.378,22
L22S,0.228,22
L22C,-7.436,22
L22G,-5.653,22
L22A,-2.164,22
L22V,-2.794,22
L22L,0.0,22
L22I,-2.868,22
L22M,-6.081,22
L22P,-0.7,22
L22Y,-3.747,22
L22F,-4.662,22
L22W,-6.21,22
V23K,-9.142,23
V23R,-9.153,23
V23H,-11.103,23
V23E,-8.572,23
V23D,-10.431,23
V23N,-12.538,23
V23Q,-7.535,23
V23T,-7.888,23
V23S,-9.581,23
V23C,-16.092,23
V23G,-9.6,23
V23A,-6.929,23
V23V,0.0,23
V23L,-8.162,23
V23I,-8.621,23
V23M,-9.188,23
V23P,-11.193,23
V23Y,-12.047,23
V23F,-11.55,23
V23W,-10.55,23
L24K,-11.886,24
L24R,-10.723,24
L24H,-11.404,24
L24E,-11.796,24
L24D,-13.198,24
L24N,-12.51,24
L24Q,-9.317,24
L24T,-9.584,24
L24S,-9.366,24
L24C,-12.116,24
L24G,-12.01,24
L24A,-10.085,24
L24V,-6.723,24
L24L,0.0,24
L24I,-8.046,24
L24M,-7.828,24
L24P,-8.865,24
L24Y,-11.878,24
L24F,-8.097,24
L24W,-11.237,24
T25K,-6.862,25
T25R,-7.954,25
T25H,-12.048,25
T25E,-9.91,25
T25D,-10.956,25
T25N,-9.307,25
T25Q,-9.353,25
T25T,0.0,25
T25S,-8.341,25
T25C,-15.403,25
T25G,-11.869,25
T25A,-8.201,25
T25V,-9.475,25
T25L,-10.289,25
T25I,-8.191,25
T25M,-8.087,25
T25P,-10.87,25
T25Y,-14.025,25
T25F,-12.257,25
T25W,-12.705,25
Q26K,-10.921,26
Q26R,-11.424,26
Q26H,-10.41,26
Q26E,-10.165,26
Q26D,-12.999,26
Q26N,-14.215,26
Q26Q,0.0,26
Q26T,-13.111,26
Q26S,-11.949,26
Q26C,-15.602,26
Q26G,-13.156,26
Q26A,-11.002,26
Q26V,-12.312,26
Q26L,-11.092,26
Q26I,-13.966,26
Q26M,-13.522,26
Q26P,-11.35,26
Q26Y,-13.335,26
Q26F,-14.006,26
Q26W,-13.881,26
S27K,-9.096,27
S27R,-7.87,27
S27H,-8.274,27
S27E,-8.289,27
S27D,-8.507,27
S27N,-9.733,27
S27Q,-7.918,27
S27T,-6.306,27
S27S,0.0,27
S27C,-11.824,27
S27G,-8.881,27
S27A,-7.055,27
S27V,-9.648,27
S27L,-6.209,27
S27I,-9.703,27
S27M,-11.474,27
S27P,-1.597,27
S27Y,-9.393,27
S27F,-8.835,27
S27W,-11.27,27
P28K,-8.496,28
P28R,-8.058,28
P28H,-10.549,28
P28E,-7.08,28
P28D,-7.695,28
P28N,-10.811,28
P28Q,-8.397,28
P28T,-8.987,28
P28S,-6.807,28
P28C,-12.217,28
P28G,-2.808,28
P28A,-6.253,28
P28V,-8.723,28
P28L,-9.045,28
P28I,-11.913,28
P28M,-12.167,28
P28P,0.0,28
P28Y,-12.598,28
P28F,-12.267,28
P28W,-11.224,28
S29K,-11.452,29
S29R,-9.387,29
S29H,-11.701,29
S29E,-11.229,29
S29D,-10.809,29
S29N,-11.105,29
S29Q,-11.171,29
S29T,-7.241,29
S29S,0.0,29
S29C,-10.027,29
S29G,-9.135,29
S29A,-7.801,29
S29V,-9.518,29
S29L,-5.965,29
S29I,-9.332,29
S29M,-10.938,29
S29P,-6.316,29
S29Y,-10.229,29
S29F,-7.593,29
S29W,-10.32,29
A30K,-9.22,30
A30R,-9.964,30
A30H,-11.666,30
A30E,-7.486,30
A30D,-8.904,30
A30N,-11.16,30
A30Q,-9.21,30
A30T,-7.283,30
A30S,-7.765,30
A30C,-11.91,30
A30G,-8.012,30
A30A,0.0,30
A30V,-2.472,30
A30L,-3.634,30
A30I,-6.349,30
A30M,-5.965,30
A30P,-8.167,30
A30Y,-12.37,30
A30F,-8.573,30
A30W,-11.131,30
S31K,-11.201,31
S31R,-9.661,31
S31H,-12.854,31
S31E,-11.122,31
S31D,-12.281,31
S31N,-12.696,31
S31Q,-12.243,31
S31T,-7.623,31
S31S,0.0,31
S31C,-10.597,31
S31G,-10.874,31
S31A,-7.558,31
S31V,-9.004,31
S31L,-6.702,31
S31I,-8.992,31
S31M,-10.798,31
S31P,-8.443,31
S31Y,-10.518,31
S31F,-8.289,31
S31W,-9.785,31
A32K,-7.758,32
A32R,-8.328,32
A32H,-11.79,32
A32E,-7.318,32
A32D,-9.31,32
A32N,-10.587,32
A32Q,-9.731,32
A32T,-7.068,32
A32S,-7.165,32
A32C,-10.495,32
A32G,-4.491,32
A32A,0.0,32
A32V,-6.853,32
A32L,-10.241,32
A32I,-9.802,32
A32M,-10.286,32
A32P,-9.197,32
A32Y,-12.514,32
A32F,-11.274,32
A32W,-10.508,32
S33K,-10.79,33
S33R,-10.636,33
S33H,-12.624,33
S33E,-11.341,33
S33D,-10.531,33
S33N,-8.061,33
S33Q,-12.801,33
S33T,-6.575,33
S33S,0.0,33
S33C,-13.351,33
S33G,-10.067,33
S33A,-6.91,33
S33V,-10.203,33
S33L,-9.649,33
S33I,-10.441,33
S33M,-11.486,33
S33P,-9.12,33
S33Y,-12.478,33
S33F,-9.868,33
S33W,-13.089,33
L34K,-10.542,34
L34R,-8.501,34
L34H,-9.547,34
L34E,-11.131,34
L34D,-13.196,34
L34N,-12.179,34
L34Q,-7.997,34
L34T,-7.0,34
L34S,-6.893,34
L34C,-12.354,34
L34G,-11.121,34
L34A,-6.318,34
L34V,-4.901,34
L34L,0.0,34
L34I,-8.221,34
L34M,-8.619,34
L34P,-2.319,34
L34Y,-12.338,34
L34F,-9.073,34
L34W,-10.77,34
G35K,-9.37,35
G35R,-6.212,35
G35H,-12.64,35
G35E,-7.476,35
G35D,-8.716,35
G35N,-11.153,35
G35Q,-12.104,35
G35T,-8.565,35
G35S,-8.464,35
G35C,-11.208,35
G35G,0.0,35
G35A,-8.926,35
G35V,-9.51,35
G35L,-12.413,35
G35I,-12.012,35
G35M,-11.617,35
G35P,-12.815,35
G35Y,-13.93,35
G35F,-14.147,35
G35W,-9.523,35
A36K,-10.721,36
A36R,-10.847,36
A36H,-11.463,36
A36E,-8.323,36
A36D,-7.834,36
A36N,-9.223,36
A36Q,-9.421,36
A36T,-6.328,36
A36S,-6.489,36
A36C,-12.291,36
A36G,-6.362,36
A36A,0.0,36
A36V,-6.254,36
A36L,-10.175,36
A36I,-9.568,36
A36M,-10.379,36
A36P,-10.956,36
A36Y,-11.854,36
A36F,-10.852,36
A36W,-12.704,36
S37K,-8.128,37
S37R,-6.135,37
S37H,-9.777,37
S37E,-9.264,37
S37D,-8.173,37
S37N,-7.467,37
S37Q,-9.157,37
S37T,-4.087,37
S37S,0.0,37
S37C,-9.906,37
S37G,-8.027,37
S37A,-6.257,37
S37V,-8.952,37
S37L,-7.708,37
S37I,-8.665,37
S37M,-10.118,37
S37P,-6.272,37
S37Y,-9.638,37
S37F,-8.475,37
S37W,-10.668,37
V38K,-12.728,38
V38R,-11.934,38
V38H,-12.476,38
V38E,-10.907,38
V38D,-11.417,38
V38N,-12.934,38
V38Q,-12.637,38
V38T,-7.436,38
V38S,-9.501,38
V38C,-12.712,38
V38G,-9.341,38
V38A,-4.904,38
V38V,0.0,38
V38L,-8.996,38
V38I,-8.238,38
V38M,-9.977,38
V38P,-9.828,38
V38Y,-13.449,38
V38F,-10.666,38
V38W,-13.943,38
K39K,0.0,39
K39R,-4.529,39
K39H,-10.574,39
K39E,-9.026,39
K39D,-11.94,39
K39N,-7.894,39
K39Q,-7.409,39
K39T,-6.316,39
K39S,-8.409,39
K39C,-11.934,39
K39G,-10.232,39
K39A,-11.041,39
K39V,-12.361,39
K39L,-11.287,39
K39I,-9.923,39
K39M,-9.726,39
K39P,-10.923,39
K39Y,-12.613,39
K39F,-14.201,39
K39W,-10.975,39
L40K,-11.858,40
L40R,-11.231,40
L40H,-11.856,40
L40E,-11.889,40
L40D,-13.863,40
L40N,-13.342,40
L40Q,-11.444,40
L40T,-10.561,40
L40S,-11.399,40
L40C,-12.527,40
L40G,-12.245,40
L40A,-12.772,40
L40V,-9.608,40
L40L,0.0,40
L40I,-6.87,40
L40M,-7.776,40
L40P,-11.68,40
L40Y,-11.902,40
L40F,-7.331,40
L40W,-11.164,40
T41K,-7.047,41
T41R,-8.42,41
T41H,-12.229,41
T41E,-10.634,41
T41D,-11.004,41
T41N,-7.872,41
T41Q,-11.493,41
T41T,0.0,41
T41S,-5.981,41
T41C,-12.816,41
T41G,-8.971,41
T41A,-6.743,41
T41V,-9.612,41
T41L,-10.684,41
T41I,-6.342,41
T41M,-8.619,41
T41P,-9.056,41
T41Y,-12.541,41
T41F,-11.614,41
T41W,-13.238,41
C42K,-11.682,42
C42R,-7.251,42
C42H,-9.034,42
C42E,-11.096,42
C42D,-9.857,42
C42N,-10.377,42
C42Q,-10.736,42
C42T,-9.852,42
C42S,-7.151,42
C42C,0.0,42
C42G,-8.227,42
C42A,-9.648,42
C42V,-10.227,42
C42L,-10.723,42
C42I,-11.964,42
C42M,-13.795,42
C42P,-10.058,42
C42Y,-6.103,42
C42F,-7.905,42
C42W,-7.326,42
T43K,-6.356,43
T43R,-6.121,43
T43H,-10.309,43
T43E,-9.665,43
T43D,-10.436,43
T43N,-8.598,43
T43Q,-9.392,43
T43T,0.0,43
T43S,-6.201,43
T43C,-11.897,43
T43G,-7.865,43
T43A,-5.669,43
T43V,-7.92,43
T43L,-9.321,43
T43I,-7.658,43
T43M,-8.828,43
T43P,-8.083,43
T43Y,-12.037,43
T43F,-11.056,43
T43W,-11.281,43
L44K,-11.507,44
L44R,-9.418,44
L44H,-8.131,44
L44E,-11.714,44
L44D,-12.589,44
L44N,-13.878,44
L44Q,-8.221,44
L44T,-9.477,44
L44S,-9.944,44
L44C,-11.657,44
L44G,-10.664,44
L44A,-10.009,44
L44V,-8.112,44
L44L,0.0,44
L44I,-7.95,44
L44M,-7.287,44
L44P,-11.102,44
L44Y,-10.613,44
L44F,-8.671,44
L44W,-11.855,44
S45K,-9.708,45
S45R,-8.856,45
S45H,-9.763,45
S45E,-9.924,45
S45D,-8.263,45
S45N,-7.407,45
S45Q,-8.936,45
S45T,-7.773,45
S45S,0.0,45
S45C,-12.655,45
S45G,-7.413,45
S45A,-8.513,45
S45V,-10.683,45
S45L,-9.715,45
S45I,-10.425,45
S45M,-12.484,45
S45P,-7.832,45
S45Y,-9.479,45
S45F,-10.423,45
S45W,-12.329,45
S46K,-10.598,46
S46R,-9.142,46
S46H,-11.203,46
S46E,-10.933,46
S46D,-9.611,46
S46N,-8.358,46
S46Q,-10.866,46
S46T,-6.847,46
S46S,0.0,46
S46C,-11.973,46
S46G,-8.223,46
S46A,-8.751,46
S46V,-10.832,46
S46L,-11.317,46
S46I,-10.314,46
S46M,-12.137,46
S46P,-9.422,46
S46Y,-9.648,46
S46F,-10.535,46
S46W,-11.452,46
G47K,-4.951,47
G47R,-6.326,47
G47H,-8.95,47
G47E,-3.521,47
G47D,-4.987,47
G47N,-5.818,47
G47Q,-5.337,47
G47T,-4.236,47
G47S,-2.454,47
G47C,-11.554,47
G47G,0.0,47
G47A,-4.802,47
G47V,-6.424,47
G47L,-8.053,47
G47I,-5.911,47
G47M,-8.138,47
G47P,-7.427,47
G47Y,-8.454,47
G47F,-9.334,47
G47W,-9.192,47
H48K,-9.375,48
H48R,-7.763,48
H48H,0.0,48
H48E,-9.145,48
H48D,-7.416,48
H48N,-8.452,48
H48Q,-7.558,48
H48T,-7.819,48
H48S,-4.717,48
H48C,-9.606,48
H48G,-6.652,48
H48A,-7.618,48
H48V,-5.451,48
H48L,-5.899,48
H48I,-4.997,48
H48M,-8.372,48
H48P,-8.482,48
H48Y,-3.023,48
H48F,-5.439,48
H48W,-6.509,48
S49K,-9.057,49
S49R,-8.328,49
S49H,-10.288,49
S49E,-10.92,49
S49D,-8.183,49
S49N,-6.132,49
S49Q,-11.051,49
S49T,-6.562,49
S49S,0.0,49
S49C,-11.899,49
S49G,-6.796,49
S49A,-8.203,49
S49V,-10.278,49
S49L,-10.131,49
S49I,-8.781,49
S49M,-11.548,49
S49P,-9.26,49
S49Y,-8.859,49
S49F,-9.202,49
S49W,-10.144,49
S50K,-7.778,50
S50R,-7.053,50
S50H,-7.063,50
S50E,-8.107,50
S50D,-5.122,50
S50N,-4.28,50
S50Q,-9.005,50
S50T,-5.727,50
S50S,0.0,50
S50C,-10.632,50
S50G,-4.886,50
S50A,-7.074,50
S50V,-7.682,50
S50L,-8.576,50
S50I,-7.099,50
S50M,-10.307,50
S50P,-9.084,50
S50Y,-5.348,50
S50F,-8.227,50
S50W,-8.504,50
Y51K,-7.141,51
Y51R,-6.275,51
Y51H,-7.332,51
Y51E,-8.737,51
Y51D,-6.778,51
Y51N,-6.471,51
Y51Q,-8.191,51
Y51T,-7.151,51
Y51S,-6.004,51
Y51C,-9.445,51
Y51G,-6.928,51
Y51A,-6.585,51
Y51V,-7.537,51
Y51L,-8.135,51
Y51I,-8.464,51
Y51M,-9.325,51
Y51P,-8.854,51
Y51Y,0.0,51
Y51F,-8.091,51
Y51W,-7.408,51
A52K,-5.335,52
A52R,-4.2,52
A52H,-4.131,52
A52E,-4.428,52
A52D,-3.435,52
A52N,-3.015,52
A52Q,-4.534,52
A52T,-2.666,52
A52S,-2.511,52
A52C,-5.299,52
A52G,-3.079,52
A52A,0.0,52
A52V,-3.39,52
A52L,-4.389,52
A52I,-4.159,52
A52M,-5.543,52
A52P,-6.177,52
A52Y,-0.915,52
A52F,-3.544,52
A52W,-2.949,52
I53K,-11.241,53
I53R,-11.843,53
I53H,-10.715,53
I53E,-11.461,53
I53D,-9.624,53
I53N,-8.023,53
I53Q,-12.265,53
I53T,-6.255,53
I53S,-9.422,53
I53C,-10.559,53
I53G,-10.314,53
I53A,-7.02,53
I53V,-4.223,53
I53L,-5.768,53
I53I,0.0,53
I53M,-6.249,53
I53P,-9.489,53
I53Y,-8.963,53
I53F,-7.846,53
I53W,-10.189,53
A54K,-6.957,54
A54R,-5.914,54
A54H,-3.604,54
A54E,-5.005,54
A54D,-3.955,54
A54N,-3.283,54
A54Q,-4.362,54
A54T,-4.521,54
A54S,-3.087,54
A54C,-6.238,54
A54G,-3.646,54
A54A,0.0,54
A54V,-5.331,54
A54L,-4.986,54
A54I,-5.312,54
A54M,-6.315,54
A54P,-10.618,54
A54Y,-3.134,54
A54F,-4.829,54
A54W,-5.779,54
W55K,-10.284,55
W55R,-6.327,55
W55H,-9.137,55
W55E,-10.454,55
W55D,-9.994,55
W55N,-9.935,55
W55Q,-8.915,55
W55T,-9.026,55
W55S,-7.375,55
W55C,-6.062,55
W55G,-6.662,55
W55A,-9.496,55
W55V,-9.357,55
W55L,-6.592,55
W55I,-9.012,55
W55M,-9.823,55
W55P,-9.901,55
W55Y,-8.036,55
W55F,-7.437,55
W55W,0.0,55
H56K,-8.126,56
H56R,-6.36,56
H56H,0.0,56
H56E,-6.571,56
H56D,-5.132,56
H56N,-5.047,56
H56Q,-5.635,56
H56T,-6.478,56
H56S,-5.35,56
H56C,-5.666,56
H56G,-8.035,56
H56A,-7.902,56
H56V,-5.314,56
H56L,-4.781,56
H56I,-4.029,56
H56M,-7.766,56
H56P,-11.132,56
H56Y,1.296,56
H56F,-2.81,56
H56W,-5.761,56
Q57K,-10.603,57
Q57R,-9.689,57
Q57H,-10.613,57
Q57E,-11.855,57
Q57D,-15.014,57
Q57N,-13.829,57
Q57Q,0.0,57
Q57T,-13.886,57
Q57S,-12.652,57
Q57C,-14.471,57
Q57G,-12.977,57
Q57A,-13.294,57
Q57V,-12.799,57
Q57L,-10.77,57
Q57I,-12.72,57
Q57M,-13.736,57
Q57P,-12.231,57
Q57Y,-13.966,57
Q57F,-15.99,57
Q57W,-12.206,57
Q58K,-7.819,58
Q58R,-7.703,58
Q58H,-7.452,58
Q58E,-7.38,58
Q58D,-10.353,58
Q58N,-10.741,58
Q58Q,0.0,58
Q58T,-11.595,58
Q58S,-10.236,58
Q58C,-12.316,58
Q58G,-9.417,58
Q58A,-9.601,58
Q58V,-10.252,58
Q58L,-7.908,58
Q58I,-11.483,58
Q58M,-10.841,58
Q58P,-8.842,58
Q58Y,-10.321,58
Q58F,-13.046,58
Q58W,-10.11,58
Q59K,-0.995,59
Q59R,-3.443,59
Q59H,-5.132,59
Q59E,-4.219,59
Q59D,-5.931,59
Q59N,-5.125,59
Q59Q,0.0,59
Q59T,-4.514,59
Q59S,-4.63,59
Q59C,-8.353,59
Q59G,-7.054,59
Q59A,-4.251,59
Q59V,-4.541,59
Q59L,-3.017,59
Q59I,-4.48,59
Q59M,-5.633,59
Q59P,-4.505,59
Q59Y,-4.08,59
Q59F,-4.388,59
Q59W,-6.99,59
P60K,-10.622,60
P60R,-9.789,60
P60H,-9.684,60
P60E,-10.834,60
P60D,-11.607,60
P60N,-11.58,60
P60Q,-8.36,60
P60T,-8.003,60
P60S,-6.972,60
P60C,-13.953,60
P60G,-11.465,60
P60A,-6.851,60
P60V,-10.139,60
P60L,-7.175,60
P60I,-11.326,60
P60M,-11.721,60
P60P,0.0,60
P60Y,-12.129,60
P60F,-11.612,60
P60W,-13.261,60
E61K,-4.099,61
E61R,-2.399,61
E61H,-4.956,61
E61E,0.0,61
E61D,-2.536,61
E61N,-2.252,61
E61Q,-5.485,61
E61T,-4.573,61
E61S,-1.667,61
E61C,-5.61,61
E61G,2.101,61
E61A,-3.131,61
E61V,-4.794,61
E61L,-6.84,61
E61I,-7.179,61
E61M,-7.809,61
E61P,-6.815,61
E61Y,-6.784,61
E61F,-8.69,61
E61W,-6.397,61
K62K,0.0,62
K62R,-6.203,62
K62H,-8.194,62
K62E,-8.303,62
K62D,-10.988,62
K62N,-6.854,62
K62Q,-7.196,62
K62T,-6.638,62
K62S,-8.515,62
K62C,-12.394,62
K62G,-8.797,62
K62A,-10.321,62
K62V,-11.186,62
K62L,-10.481,62
K62I,-9.651,62
K62M,-7.551,62
K62P,-10.821,62
K62Y,-11.996,62
K62F,-13.558,62
K62W,-11.119,62
G63K,-5.229,63
G63R,-5.329,63
G63H,-7.771,63
G63E,-5.037,63
G63D,-5.687,63
G63N,-6.212,63
G63Q,-6.272,63
G63T,-3.043,63
G63S,-3.085,63
G63C,-8.933,63
G63G,0.0,63
G63A,-0.039,63
G63V,-3.579,63
G63L,-5.093,63
G63I,-6.259,63
G63M,-7.233,63
G63P,-2.143,63
G63Y,-8.493,63
G63F,-7.21,63
G63W,-9.257,63
P64K,-11.35,64
P64R,-9.953,64
P64H,-8.798,64
P64E,-11.441,64
P64D,-11.711,64
P64N,-11.477,64
P64Q,-9.098,64
P64T,-7.024,64
P64S,-8.899,64
P64C,-12.176,64
P64G,-11.931,64
P64A,-7.567,64
P64V,-6.768,64
P64L,-4.222,64
P64I,-6.162,64
P64M,-7.094,64
P64P,0.0,64
P64Y,-10.108,64
P64F,-7.016,64
P64W,-10.832,64
R65K,-6.675,65
R65R,0.0,65
R65H,-6.986,65
R65E,-10.042,65
R65D,-12.926,65
R65N,-10.713,65
R65Q,-7.153,65
R65T,-8.461,65
R65S,-9.778,65
R65C,-8.936,65
R65G,-9.439,65
R65A,-11.238,65
R65V,-10.485,65
R65L,-8.692,65
R65I,-9.655,65
R65M,-10.298,65
R65P,-10.197,65
R65Y,-11.446,65
R65F,-12.576,65
R65W,-6.91,65
Y66K,-11.754,66
Y66R,-8.314,66
Y66H,-7.307,66
Y66E,-10.652,66
Y66D,-9.601,66
Y66N,-9.277,66
Y66Q,-10.4,66
Y66T,-10.414,66
Y66S,-9.047,66
Y66C,-8.302,66
Y66G,-11.187,66
Y66A,-10.594,66
Y66V,-9.262,66
Y66L,-7.657,66
Y66I,-9.342,66
Y66M,-11.583,66
Y66P,-11.955,66
Y66Y,0.0,66
Y66F,-4.538,66
Y66W,-6.565,66
L67K,-12.109,67
L67R,-11.013,67
L67H,-10.931,67
L67E,-12.529,67
L67D,-12.342,67
L67N,-12.02,67
L67Q,-11.27,67
L67T,-10.464,67
L67S,-10.713,67
L67C,-12.316,67
L67G,-11.668,67
L67A,-10.705,67
L67V,-6.685,67
L67L,0.0,67
L67I,-5.722,67
L67M,-7.556,67
L67P,-10.295,67
L67Y,-12.421,67
L67F,-8.26,67
L67W,-11.267,67
M68K,-8.451,68
M68R,-8.174,68
M68H,-9.392,68
M68E,-10.021,68
M68D,-10.341,68
M68N,-9.929,68
M68Q,-9.165,68
M68T,-5.641,68
M68S,-8.281,68
M68C,-9.736,68
M68G,-9.573,68
M68A,-7.913,68
M68V,-6.386,68
M68L,-3.136,68
M68I,-4.556,68
M68M,0.0,68
M68P,-8.444,68
M68Y,-8.414,68
M68F,-6.408,68
M68W,-10.231,68
K69K,0.0,69
K69R,-2.805,69
K69H,-2.067,69
K69E,-2.875,69
K69D,-2.287,69
K69N,-3.749,69
K69Q,-3.113,69
K69T,-3.625,69
K69S,-1.734,69
K69C,-3.753,69
K69G,-2.555,69
K69A,-3.175,69
K69V,-2.865,69
K69L,-2.115,69
K69I,-3.333,69
K69M,-4.024,69
K69P,-6.787,69
K69Y,0.873,69
K69F,-1.754,69
K69W,-1.718,69
L70K,-5.298,70
L70R,-4.213,70
L70H,-3.816,70
L70E,-5.064,70
L70D,-4.545,70
L70N,-5.528,70
L70Q,-4.951,70
L70T,-4.668,70
L70S,-3.136,70
L70C,-4.58,70
L70G,-4.74,70
L70A,-4.746,70
L70V,-3.521,70
L70L,0.0,70
L70I,-2.134,70
L70M,-4.42,70
L70P,-7.347,70
L70Y,-0.325,70
L70F,-1.789,70
L70W,-3.359,70
N71K,-4.306,71
N71R,-4.023,71
N71H,-4.2,71
N71E,-4.768,71
N71D,-3.583,71
N71N,0.0,71
N71Q,-3.947,71
N71T,-3.503,71
N71S,-2.681,71
N71C,-6.819,71
N71G,-3.809,71
N71A,-4.363,71
N71V,-4.159,71
N71L,-4.07,71
N71I,-4.064,71
N71M,-5.586,71
N71P,-5.527,71
N71Y,-0.985,71
N71F,-3.611,71
N71W,-3.025,71
S72K,-8.292,72
S72R,-8.556,72
S72H,-11.062,72
S72E,-10.405,72
S72D,-8.887,72
S72N,-7.296,72
S72Q,-11.214,72
S72T,-6.537,72
S72S,0.0,72
S72C,-11.837,72
S72G,-7.756,72
S72A,-8.171,72
S72V,-10.642,72
S72L,-10.354,72
S72I,-9.971,72
S72M,-12.196,72
S72P,-9.049,72
S72Y,-7.877,72
S72F,-10.931,72
S72W,-9.117,72
D73K,-7.853,73
D73R,-8.322,73
D73H,-7.468,73
D73E,-6.772,73
D73D,0.0,73
D73N,-6.049,73
D73Q,-8.204,73
D73T,-6.869,73
D73S,-4.675,73
D73C,-10.692,73
D73G,-4.713,73
D73A,-6.905,73
D73V,-7.219,73
D73L,-7.998,73
D73I,-8.107,73
D73M,-9.966,73
D73P,-9.53,73
D73Y,-4.584,73
D73F,-7.717,73
D73W,-8.223,73
G74K,-7.998,74
G74R,-8.216,74
G74H,-10.07,74
G74E,-7.247,74
G74D,-6.864,74
G74N,-7.441,74
G74Q,-9.321,74
G74T,-6.62,74
G74S,-4.661,74
G74C,-11.532,74
G74G,0.0,74
G74A,-7.079,74
G74V,-8.041,74
G74L,-8.98,74
G74I,-9.732,74
G74M,-10.751,74
G74P,-8.457,74
G74Y,-7.946,74
G74F,-10.399,74
G74W,-7.786,74
S75K,-7.503,75
S75R,-7.663,75
S75H,-8.668,75
S75E,-6.14,75
S75D,-5.507,75
S75N,-6.553,75
S75Q,-8.15,75
S75T,-4.543,75
S75S,0.0,75
S75C,-9.981,75
S75G,-5.355,75
S75A,-5.823,75
S75V,-6.569,75
S75L,-7.964,75
S75I,-7.656,75
S75M,-9.544,75
S75P,-8.689,75
S75Y,-6.183,75
S75F,-8.893,75
S75W,-7.531,75
H76K,-5.776,76
H76R,-5.755,76
H76H,0.0,76
H76E,-7.31,76
H76D,-8.087,76
H76N,-6.994,76
H76Q,-5.75,76
H76T,-6.367,76
H76S,-6.91,76
H76C,-9.389,76
H76G,-8.992,76
H76A,-8.924,76
H76V,-7.607,76
H76L,-6.145,76
H76I,-7.344,76
H76M,-9.264,76
H76P,-7.921,76
H76Y,-5.248,76
H76F,-7.973,76
H76W,-8.954,76
S77K,-6.629,77
S77R,-7.396,77
S77H,-5.787,77
S77E,-6.876,77
S77D,-5.629,77
S77N,-3.069,77
S77Q,-7.148,77
S77T,-3.338,77
S77S,0.0,77
S77C,-9.183,77
S77G,-5.961,77
S77A,-5.977,77
S77V,-7.914,77
S77L,-7.004,77
S77I,-5.794,77
S77M,-8.83,77
S77P,-8.322,77
S77Y,-5.307,77
S77F,-7.704,77
S77W,-9.267,77
K78K,0.0,78
K78R,-5.986,78
K78H,-9.336,78
K78E,-6.181,78
K78D,-9.722,78
K78N,-8.091,78
K78Q,-4.239,78
K78T,-8.083,78
K78S,-8.959,78
K78C,-12.007,78
K78G,-9.629,78
K78A,-9.06,78
K78V,-8.598,78
K78L,-7.389,78
K78I,-8.958,78
K78M,-8.146,78
K78P,-9.84,78
K78Y,-10.991,78
K78F,-11.409,78
K78W,-10.035,78
G79K,-9.62,79
G79R,-8.977,79
G79H,-10.799,79
G79E,-7.198,79
G79D,-7.251,79
G79N,-9.136,79
G79Q,-10.088,79
G79T,-9.577,79
G79S,-6.685,79
G79C,-11.43,79
G79G,0.0,79
G79A,-7.166,79
G79V,-8.579,79
G79L,-10.577,79
G79I,-11.155,79
G79M,-11.942,79
G79P,-7.334,79
G79Y,-10.954,79
G79F,-11.457,79
G79W,-10.323,79
D80K,-9.906,80
D80R,-11.637,80
D80H,-10.281,80
D80E,-8.149,80
D80D,0.0,80
D80N,-6.47,80
D80Q,-9.769,80
D80T,-6.898,80
D80S,-5.718,80
D80C,-12.541,80
D80G,-9.046,80
D80A,-7.126,80
D80V,-9.198,80
D80L,-10.105,80
D80I,-10.401,80
D80M,-12.74,80
D80P,-7.19,80
D80Y,-9.403,80
D80F,-10.968,80
D80W,-13.585,80
G81K,-8.947,81
G81R,-7.621,81
G81H,-9.857,81
G81E,-7.983,81
G81D,-7.308,81
G81N,-7.374,81
G81Q,-9.454,81
G81T,-8.585,81
G81S,-6.224,81
G81C,-10.264,81
G81G,0.0,81
G81A,-8.014,81
G81V,-9.753,81
G81L,-10.631,81
G81I,-11.056,81
G81M,-11.866,81
G81P,-11.347,81
G81Y,-10.728,81
G81F,-10.871,81
G81W,-10.13,81
I82K,-13.217,82
I82R,-14.457,82
I82H,-15.503,82
I82E,-13.466,82
I82D,-13.111,82
I82N,-12.011,82
I82Q,-14.994,82
I82T,-8.697,82
I82S,-11.887,82
I82C,-15.297,82
I82G,-13.606,82
I82A,-9.43,82
I82V,-5.549,82
I82L,-9.273,82
I82I,0.0,82
I82M,-9.522,82
I82P,-13.399,82
I82Y,-14.936,82
I82F,-10.691,82
I82W,-16.149,82
P83K,-10.805,83
P83R,-9.509,83
P83H,-9.9,83
P83E,-12.451,83
P83D,-13.134,83
P83N,-12.219,83
P83Q,-9.191,83
P83T,-9.045,83
P83S,-7.724,83
P83C,-13.366,83
P83G,-12.054,83
P83A,-8.736,83
P83V,-11.664,83
P83L,-6.972,83
P83I,-11.733,83
P83M,-12.275,83
P83P,0.0,83
P83Y,-12.684,83
P83F,-11.463,83
P83W,-13.12,83
D84K,-8.725,84
D84R,-9.485,84
D84H,-9.357,84
D84E,-7.047,84
D84D,0.0,84
D84N,-4.959,84
D84Q,-9.404,84
D84T,-7.172,84
D84S,-2.004,84
D84C,-9.484,84
D84G,-5.699,84
D84A,-6.437,84
D84V,-9.6,84
D84L,-9.125,84
D84I,-11.034,84
D84M,-12.466,84
D84P,-8.724,84
D84Y,-8.575,84
D84F,-9.177,84
D84W,-11.714,84
R85K,-9.394,85
R85R,0.0,85
R85H,-6.927,85
R85E,-11.994,85
R85D,-11.734,85
R85N,-11.837,85
R85Q,-8.551,85
R85T,-11.181,85
R85S,-9.231,85
R85C,-7.768,85
R85G,-9.599,85
R85A,-11.507,85
R85V,-12.681,85
R85L,-9.919,85
R85I,-11.5,85
R85M,-12.068,85
R85P,-10.651,85
R85Y,-10.296,85
R85F,-12.024,85
R85W,-9.433,85
F86K,-15.271,86
F86R,-14.733,86
F86H,-13.43,86
F86E,-12.994,86
F86D,-13.236,86
F86N,-12.284,86
F86Q,-15.105,86
F86T,-14.267,86
F86S,-10.151,86
F86C,-10.815,86
F86G,-13.676,86
F86A,-13.199,86
F86V,-9.823,86
F86L,-7.619,86
F86I,-8.94,86
F86M,-12.087,86
F86P,-14.338,86
F86Y,-10.212,86
F86F,0.0,86
F86W,-12.562,86
S87K,-9.297,87
S87R,-8.26,87
S87H,-10.237,87
S87E,-11.373,87
S87D,-10.215,87
S87N,-7.717,87
S87Q,-11.037,87
S87T,-4.858,87
S87S,0.0,87
S87C,-9.362,87
S87G,-9.334,87
S87A,-8.68,87
S87V,-10.584,87
S87L,-8.384,87
S87I,-7.525,87
S87M,-10.499,87
S87P,-8.183,87
S87Y,-9.231,87
S87F,-8.379,87
S87W,-10.254,87
G88K,-10.904,88
G88R,-7.457,88
G88H,-12.607,88
G88E,-8.615,88
G88D,-8.886,88
G88N,-11.687,88
G88Q,-12.477,88
G88T,-10.017,88
G88S,-7.821,88
G88C,-8.551,88
G88G,0.0,88
G88A,-6.781,88
G88V,-7.921,88
G88L,-12.196,88
G88I,-10.069,88
G88M,-12.613,88
G88P,-11.435,88
G88Y,-12.267,88
G88F,-12.251,88
G88W,-9.778,88
S89K,-8.931,89
S89R,-5.887,89
S89H,-9.442,89
S89E,-10.891,89
S89D,-10.858,89
S89N,-8.584,89
S89Q,-9.677,89
S89T,-7.187,89
S89S,0.0,89
S89C,-7.269,89
S89G,-8.234,89
S89A,-8.313,89
S89V,-10.219,89
S89L,-8.083,89
S89I,-8.485,89
S89M,-11.271,89
S89P,-8.885,89
S89Y,-8.112,89
S89F,-7.409,89
S89W,-8.854,89
S90K,-1.78,90
S90R,-1.891,90
S90H,-5.367,90
S90E,-4.907,90
S90D,-5.348,90
S90N,-3.33,90
S90Q,-3.433,90
S90T,-3.273,90
S90S,0.0,90
S90C,-5.534,90
S90G,-3.299,90
S90A,-4.362,90
S90V,-5.524,90
S90L,-4.84,90
S90I,-4.678,90
S90M,-5.843,90
S90P,-6.114,90
S90Y,-6.159,90
S90F,-7.063,90
S90W,-5.336,90
S91K,-9.19,91
S91R,-8.684,91
S91H,-10.508,91
S91E,-11.394,91
S91D,-8.733,91
S91N,-7.054,91
S91Q,-11.387,91
S91T,-8.594,91
S91S,0.0,91
S91C,-9.691,91
S91G,-9.843,91
S91A,-9.143,91
S91V,-9.897,91
S91L,-8.111,91
S91I,-9.506,91
S91M,-12.345,91
S91P,-9.48,91
S91Y,-8.418,91
S91F,-7.754,91
S91W,-10.099,91
G92K,-6.388,92
G92R,-6.884,92
G92H,-11.462,92
G92E,-7.802,92
G92D,-7.462,92
G92N,-7.534,92
G92Q,-9.63,92
G92T,-8.779,92
G92S,-7.545,92
G92C,-12.274,92
G92G,0.0,92
G92A,-7.771,92
G92V,-9.174,92
G92L,-11.559,92
G92I,-10.204,92
G92M,-10.924,92
G92P,-12.449,92
G92Y,-11.328,92
G92F,-12.521,92
G92W,-10.222,92
A93K,-8.858,93
A93R,-10.099,93
A93H,-12.231,93
A93E,-9.494,93
A93D,-8.866,93
A93N,-7.957,93
A93Q,-11.05,93
A93T,-4.584,93
A93S,-6.56,93
A93C,-12.703,93
A93G,-8.172,93
A93A,0.0,93
A93V,-7.308,93
A93L,-8.451,93
A93I,-9.038,93
A93M,-9.642,93
A93P,-8.452,93
A93Y,-10.838,93
A93F,-10.038,93
A93W,-11.692,93
E94K,-3.796,94
E94R,-6.639,94
E94H,-5.556,94
E94E,0.0,94
E94D,-0.432,94
E94N,-1.615,94
E94Q,-4.776,94
E94T,-3.671,94
E94S,-2.514,94
E94C,-9.171,94
E94G,-5.381,94
E94A,-4.371,94
E94V,-4.256,94
E94L,-7.605,94
E94I,-5.901,94
E94M,-8.214,94
E94P,-9.487,94
E94Y,-4.779,94
E94F,-7.701,94
E94W,-9.02,94
R95K,-6.517,95
R95R,0.0,95
R95H,-7.13,95
R95E,-8.533,95
R95D,-10.012,95
R95N,-9.418,95
R95Q,-7.295,95
R95T,-7.849,95
R95S,-7.72,95
R95C,-7.683,95
R95G,-7.417,95
R95A,-8.939,95
R95V,-9.788,95
R95L,-6.933,95
R95I,-10.346,95
R95M,-10.129,95
R95P,-8.244,95
R95Y,-10.152,95
R95F,-9.81,95
R95W,-6.919,95
Y96K,-8.255,96
Y96R,-8.509,96
Y96H,-5.951,96
Y96E,-9.83,96
Y96D,-9.053,96
Y96N,-7.349,96
Y96Q,-10.176,96
Y96T,-5.474,96
Y96S,-5.363,96
Y96C,-8.719,96
Y96G,-10.33,96
Y96A,-7.427,96
Y96V,-7.556,96
Y96L,-9.455,96
Y96I,-8.28,96
Y96M,-11.312,96
Y96P,-10.463,96
Y96Y,0.0,96
Y96F,-6.266,96
Y96W,-9.996,96
L97K,-14.132,97
L97R,-12.828,97
L97H,-13.585,97
L97E,-14.597,97
L97D,-15.27,97
L97N,-14.493,97
L97Q,-12.816,97
L97T,-12.533,97
L97S,-11.491,97
L97C,-13.966,97
L97G,-15.226,97
L97A,-14.873,97
L97V,-11.639,97
L97L,0.0,97
L97I,-9.33,97
L97M,-9.56,97
L97P,-11.062,97
L97Y,-13.229,97
L97F,-8.079,97
L97W,-12.699,97
T98K,-6.646,98
T98R,-7.474,98
T98H,-8.043,98
T98E,-5.83,98
T98D,-9.712,98
T98N,-8.51,98
T98Q,-6.944,98
T98T,0.0,98
T98S,-6.864,98
T98C,-12.05,98
T98G,-8.984,98
T98A,-6.371,98
T98V,-8.417,98
T98L,-8.268,98
T98I,-7.061,98
T98M,-8.944,98
T98P,-8.689,98
T98Y,-9.904,98
T98F,-10.287,98
T98W,-11.032,98
I99K,-11.233,99
I99R,-10.92,99
I99H,-14.148,99
I99E,-12.716,99
I99D,-13.234,99
I99N,-12.706,99
I99Q,-11.434,99
I99T,-8.879,99
I99S,-11.03,99
I99C,-14.509,99
I99G,-11.108,99
I99A,-10.849,99
I99V,-8.317,99
I99L,-6.734,99
I99I,0.0,99
I99M,-6.845,99
I99P,-11.318,99
I99Y,-14.844,99
I99F,-10.067,99
I99W,-13.271,99
S100K,-8.085,100
S100R,-7.724,100
S100H,-6.384,100
S100E,-10.7,100
S100D,-8.541,100
S100N,-3.482,100
S100Q,-8.322,100
S100T,-5.777,100
S100S,0.0,100
S100C,-10.891,100
S100G,-7.677,100
S100A,-7.635,100
S100V,-10.773,100
S100L,-9.039,100
S100I,-8.615,100
S100M,-12.024,100
S100P,-9.748,100
S100Y,-8.026,100
S100F,-10.322,100
S100W,-12.95,100
S101K,-6.306,101
S101R,-4.929,101
S101H,-6.879,101
S101E,-6.67,101
S101D,-3.624,101
S101N,-3.129,101
S101Q,-7.803,101
S101T,-7.787,101
S101S,0.0,101
S101C,-9.464,101
S101G,-1.514,101
S101A,-4.842,101
S101V,-7.86,101
S101L,-9.744,101
S101I,-8.693,101
S101M,-10.791,101
S101P,-8.046,101
S101Y,-8.481,101
S101F,-9.711,101
S101W,-7.953,101
L102K,-12.652,102
L102R,-10.907,102
L102H,-12.913,102
L102E,-14.304,102
L102D,-13.129,102
L102N,-12.469,102
L102Q,-12.489,102
L102T,-8.246,102
L102S,-8.185,102
L102C,-11.943,102
L102G,-11.643,102
L102A,-9.271,102
L102V,-5.037,102
L102L,0.0,102
L102I,-5.651,102
L102M,-6.6,102
L102P,-9.252,102
L102Y,-13.308,102
L102F,-8.485,102
L102W,-12.5,102
Q103K,-8.177,103
Q103R,-7.138,103
Q103H,-8.021,103
Q103E,-7.523,103
Q103D,-12.173,103
Q103N,-12.203,103
Q103Q,0.0,103
Q103T,-9.644,103
Q103S,-10.243,103
Q103C,-12.579,103
Q103G,-10.957,103
Q103A,-9.694,103
Q103V,-10.23,103
Q103L,-6.397,103
Q103I,-11.097,103
Q103M,-11.342,103
Q103P,-9.197,103
Q103Y,-12.997,103
Q103F,-13.604,103
Q103W,-10.4,103
S104K,-8.226,104
S104R,-7.555,104
S104H,-9.583,104
S104E,-7.795,104
S104D,-7.31,104
S104N,-8.062,104
S104Q,-7.813,104
S104T,-4.351,104
S104S,0.0,104
S104C,-10.581,104
S104G,-7.706,104
S104A,-2.418,104
S104V,-6.257,104
S104L,-5.953,104
S104I,-8.425,104
S104M,-9.32,104
S104P,-2.946,104
S104Y,-9.792,104
S104F,-8.429,104
S104W,-9.623,104
E105K,-7.276,105
E105R,-10.86,105
E105H,-12.155,105
E105E,0.0,105
E105D,-7.308,105
E105N,-11.453,105
E105Q,-8.33,105
E105T,-10.955,105
E105S,-11.435,105
E105C,-14.36,105
E105G,-7.897,105
E105A,-7.54,105
E105V,-7.921,105
E105L,-11.292,105
E105I,-12.634,105
E105M,-11.921,105
E105P,-12.76,105
E105Y,-12.694,105
E105F,-15.099,105
E105W,-12.846,105
D106K,-12.276,106
D106R,-12.669,106
D106H,-9.439,106
D106E,-8.913,106
D106D,0.0,106
D106N,-8.522,106
D106Q,-12.406,106
D106T,-11.904,106
D106S,-10.892,106
D106C,-12.185,106
D106G,-8.394,106
D106A,-9.779,106
D106V,-10.026,106
D106L,-13.197,106
D106I,-12.146,106
D106M,-14.93,106
D106P,-12.545,106
D106Y,-7.691,106
D106F,-11.649,106
D106W,-15.756,106
E107K,-7.792,107
E107R,-9.779,107
E107H,-10.202,107
E107E,0.0,107
E107D,-7.575,107
E107N,-9.784,107
E107Q,-8.2,107
E107T,-8.789,107
E107S,-9.717,107
E107C,-11.519,107
E107G,-9.343,107
E107A,-7.526,107
E107V,-6.457,107
E107L,-7.499,107
E107I,-7.633,107
E107M,-8.458,107
E107P,-11.378,107
E107Y,-10.069,107
E107F,-5.504,107
E107W,-11.383,107
A108K,-13.336,108
A108R,-12.49,108
A108H,-14.957,108
A108E,-11.652,108
A108D,-10.215,108
A108N,-12.88,108
A108Q,-15.118,108
A108T,-6.87,108
A108S,-8.671,108
A108C,-11.996,108
A108G,-7.142,108
A108A,0.0,108
A108V,-8.016,108
A108L,-12.694,108
A108I,-11.643,108
A108M,-13.054,108
A108P,-11.916,108
A108Y,-14.546,108
A108F,-13.795,108
A108W,-15.605,108
D109K,-4.311,109
D109R,-6.179,109
D109H,-7.001,109
D109E,-5.733,109
D109D,0.0,109
D109N,-5.706,109
D109Q,-7.113,109
D109T,-4.874,109
D109S,-6.631,109
D109C,-9.946,109
D109G,-7.767,109
D109A,-6.775,109
D109V,-3.282,109
D109L,-5.516,109
D109I,-5.677,109
D109M,-7.141,109
D109P,-12.381,109
D109Y,-7.291,109
D109F,-8.111,109
D109W,-9.668,109
Y110K,-14.196,110
Y110R,-12.135,110
Y110H,-7.188,110
Y110E,-14.561,110
Y110D,-10.523,110
Y110N,-9.61,110
Y110Q,-13.005,110
Y110T,-11.78,110
Y110S,-10.272,110
Y110C,-7.725,110
Y110G,-11.729,110
Y110A,-12.58,110
Y110V,-10.614,110
Y110L,-9.899,110
Y110I,-10.386,110
Y110M,-13.504,110
Y110P,-13.213,110
Y110Y,0.0,110
Y110F,-8.175,110
Y110W,-12.338,110
Y111K,-11.014,111
Y111R,-10.102,111
Y111H,-6.287,111
Y111E,-10.625,111
Y111D,-7.663,111
Y111N,-6.953,111
Y111Q,-9.712,111
Y111T,-8.949,111
Y111S,-7.503,111
Y111C,-7.404,111
Y111G,-11.169,111
Y111A,-11.018,111
Y111V,-8.631,111
Y111L,-7.53,111
Y111I,-6.919,111
Y111M,-11.045,111
Y111P,-11.414,111
Y111Y,0.0,111
Y111F,-5.864,111
Y111W,-10.399,111
C112K,-11.11,112
C112R,-7.864,112
C112H,-10.025,112
C112E,-11.893,112
C112D,-11.183,112
C112N,-9.916,112
C112Q,-11.393,112
C112T,-10.582,112
C112S,-6.853,112
C112C,0.0,112
C112G,-8.576,112
C112A,-10.811,112
C112V,-11.538,112
C112L,-11.35,112
C112I,-11.179,112
C112M,-14.067,112
C112P,-11.213,112
C112Y,-6.866,112
C112F,-9.368,112
C112W,-8.054,112
Q113K,-7.443,113
Q113R,-6.652,113
Q113H,-5.03,113
Q113E,-5.138,113
Q113D,-6.242,113
Q113N,-5.128,113
Q113Q,0.0,113
Q113T,-6.083,113
Q113S,-4.429,113
Q113C,-6.559,113
Q113G,-4.317,113
Q113A,-5.759,113
Q113V,-6.534,113
Q113L,-4.848,113
Q113I,-6.74,113
Q113M,-5.574,113
Q113P,-10.11,113
Q113Y,-5.431,113
Q113F,-6.179,113
Q113W,-5.708,113
T114K,-6.602,114
T114R,-6.51,114
T114H,-6.874,114
T114E,-5.591,114
T114D,-6.181,114
T114N,-5.981,114
T114Q,-6.268,114
T114T,0.0,114
T114S,-2.06,114
T114C,-5.413,114
T114G,-4.899,114
T114A,-2.34,114
T114V,-3.006,114
T114L,-3.458,114
T114I,-3.943,114
T114M,-5.441,114
T114P,-7.455,114
T114Y,-5.347,114
T114F,-4.887,114
T114W,-6.517,114
W115K,-7.836,115
W115R,-5.762,115
W115H,-5.977,115
W115E,-5.838,115
W115D,-5.568,115
W115N,-7.051,115
W115Q,-6.49,115
W115T,-6.342,115
W115S,-4.368,115
W115C,-6.081,115
W115G,-5.124,115
W115A,-6.296,115
W115V,-6.281,115
W115L,-5.859,115
W115I,-7.166,115
W115M,-7.892,115
W115P,-8.031,115
W115Y,-3.573,115
W115F,-6.303,115
W115W,0.0,115
G116K,-5.357,116
G116R,-4.599,116
G116H,-0.814,116
G116E,-2.711,116
G116D,0.767,116
G116N,-2.425,116
G116Q,-4.47,116
G116T,-4.049,116
G116S,-3.476,116
G116C,-5.441,116
G116G,0.0,116
G116A,-3.691,116
G116V,-3.849,116
G116L,-4.404,116
G116I,-4.496,116
G116M,-6.727,116
G116P,-5.512,116
G116Y,-2.633,116
G116F,-5.333,116
G116W,-6.996,116
T117K,-5.321,117
T117R,-4.286,117
T117H,-3.336,117
T117E,-4.568,117
T117D,-3.81,117
T117N,-4.353,117
T117Q,-4.761,117
T117T,0.0,117
T117S,-1.066,117
T117C,-4.786,117
T117G,-3.487,117
T117A,-3.861,117
T117V,-5.547,117
T117L,-4.724,117
T117I,-5.006,117
T117M,-7.017,117
T117P,-4.408,117
T117Y,-3.999,117
T117F,-5.322,117
T117W,-6.125,117
G118K,-6.132,118
G118R,-5.111,118
G118H,-4.52,118
G118E,-5.599,118
G118D,-4.014,118
G118N,-3.631,118
G118Q,-5.142,118
G118T,-4.338,118
G118S,-2.882,118
G118C,-4.224,118
G118G,0.0,118
G118A,-5.122,118
G118V,-4.783,118
G118L,-4.911,118
G118I,-5.663,118
G118M,-7.2,118
G118P,-5.6,118
G118Y,-4.057,118
G118F,-5.685,118
G118W,-4.404,118
I119K,-3.104,119
I119R,-2.29,119
I119H,-2.241,119
I119E,-2.789,119
I119D,-2.98,119
I119N,-2.889,119
I119Q,-2.051,119
I119T,-1.665,119
I119S,-1.15,119
I119C,-3.57,119
I119G,-1.863,119
I119A,-1.949,119
I119V,-2.309,119
I119L,-2.101,119
I119I,0.0,119
I119M,-4.176,119
I119P,-2.146,119
I119Y,-2.829,119
I119F,-3.167,119
I119W,-3.377,119
